folder,date,author,name,val_bpb,val_bpb_std,artifact_bytes,seeds,hardware,quantization,compression,technique_summary
2026-03-31_Scylla_FullGPTQ_XSA11_FA3_0.9485,2026-03-31,icryo,Scylla tokenizer + Full GPTQ + XSA-all + FA3,0.9485,,15600000,,,,,"Scylla TokenMonster tokenizer (998 tokens) + PR #1060 stack (Full Hessian GPTQ, XSA on all 11 layers, coprime-stride loa"
2026-04-09_SP8192_3LayerRecur_ParResid_QK525_LegalTTT,2026-04-09,bigbag,SP8192 + 3-Layer Recurrence + Parallel Residuals + QK-Gain 5.25 + Legal Score-First TTT,1.081,0.0002,15992693,42;314;999,8xH100 80GB SXM,,,SP8192 + 3-Layer Depth Recurrence (L3-5) + Parallel Residuals (L7+) + QK-Gain 5.25 + EMA 0.9965 + WD 0.095 + Score-First TTT (SGD 3ep) + GPTQ SDClip + Brotli
2026-04-08_SP8192_ParallelResid_ScoreFirstTTT,2026-04-08,aryanbhosale,SP8192 + Parallel Residuals + Score-First TTT,1.08217956,0.00045881,15991486,42;314;999,8xH100 80GB SXM,,,SP8192 + MLP 4x + Parallel Residuals (layer 7+) + Score-First TTT + Depth Recurrence + MuonEq-R + QK-Gain 5.0 + SDClip + GPTQ Embeddings + Brotli
2026-04-06_SP8192_QK5_LegalTTT_1.0828,2026-04-06,dexhunter,SP8192 + QK-Gain 5 + Legal Score-First TTT,1.08279384,,15992546,"{'0': {'val_bpb': 1.08209788, 'val_loss': 2.79517119, 'bytes_total': 15991018, 'train_time_ms': 588004, 'ttt_time_ms': 293430}, '42': {'val_bpb': 1.083148, 'val_loss': 2.79788378, 'bytes_total': 15992546, 'train_time_ms': 588009, 'ttt_time_ms': 289945}, '1234': {'val_bpb': 1.08313564, 'val_loss': 2.79785185, 'bytes_total': 15989058, 'train_time_ms': 588000, 'ttt_time_ms': 295337}}",,,,"PR #1394 sp8192 stack + QK_GAIN_INIT=5.0 + legal score-first TTT (TTT_LR=0.005, freeze 0 blocks, 3 epochs). 3-seed mean "
2026-04-06_SP8192_HessianSDClip_ProgressiveRecurrence,2026-04-06,Robby Sneiderman,Non-record: Parallel Residuals + Hessian-Aware SDClip,1.08354,0.0005,15978121,1337;42;3141,8xH100 80GB SXM,,,"Three zero-cost modifications on PR #1394: GPT-J parallel residuals (layers 7+), Hessian-diagonal SDClip modulation (lam"
2026-04-05_SP8192_GPTQ-Embeddings_SDClip_Loop45x2,2026-04-05,Kevin Clark,SP8192 + GPTQ Embeddings + Depth Recurrence + MuonEq-R + SD-Clip + Simplifications,1.08563,0.0007,15985677,1;42;1234;1337;2025,8xH100 80GB SXM,,,"8192-token sentencepiece vocab, GPTQ-quantize embeddings, loop layers 4,5 two times, row-normalized muon, standard-devia"
2026-04-04_SP4096_DepthRecurrence_ParallelResid_MuonEqR,2026-04-04,aryanbhosale,SP4096 + Depth Recurrence + Parallel Residuals + MuonEq-R + QK-Gain 5.0,1.08971631,0.00028794,15993586,42;314;999,8xH100 80GB SXM,,,SP4096 + MLP 4x + WD 0.090 + Depth Recurrence + Parallel Residuals + MuonEq-R + QK-Gain 5.0 + Full GPTQ int6 + Brotli
2026-04-03_MuonEqR_DepthRecurrence_WD090_AllInt6,2026-04-03,dexhunter,Record: MuonEq-R + Depth Recurrence + WD=0.090 + All-Int6 GPTQ,1.0912,,15967483,42;0;1337,,,,WD-quantization synergy: higher weight decay (0.090) improves compression enough to keep ALL 66 layers at int6. Combined
2026-04-01_Vocab4096_MLPMult4_WD085,2026-04-01,Kevin Clark,4096-Vocab + Larger Model + High WD + Simplifications,1.09785,0.0004,15916170,42;1337;2025,8xH100 80GB SXM,,,"Vocab 4096, MLP 4x, WD 0.085, co-prime data loader, GPTQ, brotli, sigmoid-gated UNet skips, simplified architecture"
2026-03-31_ParallelResiduals_MiniDepthRecurrence,2026-03-31,Marko Sisovic,Parallel Residuals + Mini Depth Recurrence,1.10625353,0.00167769,15936223,1337;42;2024,8xH100 80GB SXM,,,Parallel residuals + mini depth recurrence + mixed quantization + AR self-generated GPTQ + Brotli compression
2026-03-29_Loader_FullGPTQ_XSA11_BigramHash2816,2026-03-29,Dex Hunter,Coprime-Stride Loader + Full Hessian GPTQ + XSA-all + BigramHash,1.1122,,15983626,,,,,Coprime-stride multi-shard data pipeline (PR #726 style) + Full Hessian GPTQ with Cholesky error compensation + XSA on a
2026-03-25_ValCalib_GPTQ_XSA_BigramHash3072,2026-03-25,abaybektursun,AR Self-Gen GPTQ + XSA-all + BigramHash 3072x112,1.11473509,0.00035387,15908146,314;42;999,8xH100 80GB SXM,,,AR self-gen GPTQ calibration + XSA-all + BigramHash 3072x112 + Parallel Muon + LZMA9
2026-03-28_MuonTTT_EntropyAdaptive_11L_8xH100,2026-03-28,Aamod Bhatt,Record: 11L Muon TTT + Entropy-Adaptive Epochs,1.1179,,15944410,,,,,Two novel TTT innovations on SOTA base (PR #399 + PR #414 + PR #461 stack): (1) Muon-style Newton-Schulz orthogonalized 
2026-03-23_LeakyReLU_LegalTTT_ParallelMuon,2026-03-23,abaybektursun,LeakyReLU² + Legal Score-First TTT + Parallel Muon,1.1194,,15990006,,,,,"LeakyReLU(0.5)² activation (-0.003 BPB vs relu²) + legal score-first TTT (PR #461 recipe, 3ep SGD, all blocks unfrozen) "
2026-03-22_11L_EMA_GPTQ-lite_warmdown3500_QAT015_1.1233,2026-03-22,Tianhao Wu,Record: 11L EMA + GPTQ-lite + warmdown3500 + QAT@0.15,1.12278022,,15555017,,,,,"EMA(0.997) weight averaging + GPTQ-lite optimal clip percentile search + warmdown=3500 + Late QAT threshold=0.15, built "
2026-03-21_11L_XSA4_EMA_PartialRoPE_LateQAT_1.1248,2026-03-21,Jack Princz,Record: 11L Partial RoPE + LN Scale + EMA + XSA4,1.12484502,,15612308,,,,,"11 layers with Partial RoPE (16 of 64 dims), LN Scale (1/sqrt(l+1)), EMA weight averaging (decay=0.997), Exclusive Self "
2026-03-20_11L_XSA4_EMA_Int6_MLP3x_WD04_1.1271,2026-03-21,Jack Princz,Record: 11L XSA + EMA + Int6 MLP3x + WD=0.04,1.12707468,,15534645,,,,,"11 layers with Exclusive Self Attention (XSA) on last 4 layers, EMA weight averaging (decay=0.997), int6 per-row on all "
2026-03-20_11L_EfficientPartialXSA_FA3_SWA120,2026-03-20,vadim borisov (tabularis.ai),11L + Efficient Partial XSA + FA3 + SWA/120 (val_bpb: 1.1307),1.13071416,,15892986,,,,,"11 layers, int6 quant, zstd-22. Novel contribution: Efficient Partial Exclusive Self Attention (XSA, arXiv:2603.09078) a"
2026-03-20_Int6_MLP3x_SmearGate_BigramHash_MuonWD_SWA,2026-03-20,Raahil Shah,Int6 MLP3x + SmearGate + BigramHash + OrthoInit + Muon WD + SWA,1.14581692,0.00082,15862650,1337;42;7,,,,"Per-row int6 quantization on MLP/attention weights with zstd-22 compression, enabling 3x MLP expansion (hidden=1536). Sm"
2026-03-19_MLP3x_QAT_Int6_SlidingWindow,2026-03-20,aruniyer,,1.15015359,0.00043,15427455,1337;42;123,8xH100 SXM (RunPod),,,
2026-03-19_smeargate_orthoinit_muonwd,,,,1.1556,,,,8xH100-80GB-SXM,int6,zstd-22,"SmearGate, Orthogonal Init, Muon Weight Decay, Int6 STE QAT, MLP 3x, Sliding Window Eval, Bigram Hash Embedding, U-Net Skip Connections, Muon Momentum Warmup, zstd-22 Compression"
2026-03-19_WarmdownQuantization,2026-03-20,samuellarson,Int6 MLP3x Sliding Window,1.1574404,,15977717,,,,,Int6 post-training quantization enables 3x MLP expansion (21.8M params in 16MB). Combined with train@2048 + sliding wind
2026-03-19_Seq2048_FP16Emb_TunedLR,2026-03-19,yahya010,10L Int6 QAT + Zstd MLP2.6x Muon0.99 Sliding Window,1.15861696,,15558319,,,,,"10-layer 512dim SP-1024, STE int6 QAT (zero quant gap), full int6 [-31,31] + zstd-22, MLP hidden=1344, fp16 tied embeddi"
2026-03-19_MixedQuant_Int6Int8_SlidingWindow,2026-03-19,aquariouseworkman,"Mixed Quant (int6 blocks + int8 embeddings) + Sliding Window Eval, val_bpb=1.1630",1.16301431,,15353490,,,,,"3x MLP expansion with mixed-precision quantization: int6 per-row (31 levels) on STE-protected block weights, int8 per-ro"
2026-03-19_SlidingWindowEval,2026-03-19,Matthew Li,Sliding Window Eval (stride=64),1.19250007,,15874829,,,,,Baseline 9x512 SP-1024 architecture with sliding window evaluation at stride=64. Each token is scored with 960+ tokens o
2026-03-17_LoRA_TTT,2026-03-19,sam,LoRA TTT,1.1929,,15882446,,,,,"Naive baseline + per-document LoRA test-time training at eval. Rank-8 LoRA on lm_head/Q/V with Adam lr=0.01, overlapping"
2026-03-19_TrainingOptSeq4096,2026-03-19,Spokane Way,Training Opt Seq4096 v1,1.20143417,,15868326,,,,,"SP-1024 9x512 KV4 run at TRAIN_SEQ_LEN=4096 with aggressively tuned Muon optimizer: momentum 0.99, lower LR (0.020/0.020"
2026-03-18_LongContextSeq2048,2026-03-19,Spokane Way,Long Context Seq2048 v2,1.20576485,,15867270,,,,,SP-1024 9x512 KV4 run at TRAIN_SEQ_LEN=2048 with tuned seq2048 learning rates (0.040/0.032/0.032). This standalone recor
2026-03-19_10L_MixedPrecision,2026-03-19,Nan Liu,10L Mixed Precision,1.214745,,15928974,,,,,10-layer 512-dim model with lower LR (MATRIX_LR=0.02) and mixed int8/int6 compression: full int8 for first/last 3 layers
2026-03-18_FP16Embed_WD3600,2026-03-18,Renier Velazco,FP16 Tied Embedding + LR/Warmdown Tuning,1.21972502,,15896222,,,,,Keep tok_emb.weight in fp16 during int8 quantization to eliminate the output-head quantization gap (0.007 -> 0.0005 BPB)
2026-03-18_LowerLR,2026-03-18,Nan Liu,Lower LR,1.22296644,,15854246,,,,,"Same 9x512 SP-1024 KV4 tied-embedding baseline architecture with lower Muon/Adam learning rates (MATRIX_LR=0.02, SCALAR_"
2026-03-17_NaiveBaseline,2026-03-18,Baseline,Naive Baseline,1.2243657,,15863489,,,,,SP-1024 9x512 KV4 run on pgut1 using the published Hugging Face fineweb10B_sp1024 export and the current train_gpt.py; s
